{
    "_schema_version": "1.0",
    "_description": "Archivist Sync Configuration File - Edit the paths below to match your game system's data structure",
    "_instructions": {
        "actorMappings": "Configure how PC and NPC data is mapped from Foundry actors",
        "itemMappings": "Configure how Item data is mapped from Foundry items",
        "destinations": "Configure where different entity types are synced to in Archivist"
    },
    "actorMappings": {
        "pc": {
            "namePath": "name",
            "imagePath": "img",
            "descriptionPath": "system.details.biography.value",
            "_examples": {
                "namePath": "name (actor name field)",
                "imagePath": "img (actor image field)",
                "descriptionPath": "system.details.biography.value (D&D 5e), system.biography (PF2e), system.description (other systems)"
            }
        },
        "npc": {
            "namePath": "name",
            "imagePath": "img",
            "descriptionPath": "system.details.biography.value",
            "_examples": {
                "namePath": "name (actor name field)",
                "imagePath": "img (actor image field)",
                "descriptionPath": "system.details.biography.value (D&D 5e), system.biography (PF2e), system.description (other systems)"
            }
        }
    },
    "itemMappings": {
        "namePath": "name",
        "imagePath": "img",
        "descriptionPath": "system.description.value",
        "_examples": {
            "namePath": "name (item name field)",
            "imagePath": "img (item image field)",
            "descriptionPath": "system.description.value (D&D 5e), system.description (PF2e), system.description.value (other systems)"
        }
    },
    "destinations": {
        "pc": "pc",
        "npc": "npc",
        "item": "item",
        "location": "location",
        "faction": "faction"
    }
}