{
  "id": "archivist-sync",
  "title": "Archivist Sync",
  "description": "A simple Foundry VTT module for fetching world data from an API endpoint using an API key.",
  "authors": [
    {
      "name": "Cameron Llewellyn",
      "email": "cameron.b.llewellyn@gmail.com"
    }
  ],
  "version": "1.0.0",
  "compatibility": {
    "minimum": "13.341",
    "verified": "13.346"
  },
  "relationships": {
    "systems": [],
    "requires": [],
    "conflicts": [],
    "flags": {}
  },
  "esmodules": [
    "scripts/archivist-sync.js",
    "scripts/modules/config.js",
    "scripts/modules/settings-manager.js",
    "scripts/modules/utils.js",
    "scripts/modules/importer-types.js",
    "scripts/modules/importer-extractor.js",
    "scripts/modules/importer-normalizer.js",
    "scripts/modules/importer-mapper.js",
    "scripts/modules/importer-fingerprint.js",
    "scripts/modules/importer-resolver.js",
    "scripts/modules/mapping-presets.js",
    "scripts/services/importer-service.js",
    "scripts/services/archivist-api.js",
    "scripts/dialogs/sync-options-dialog.js",
    "scripts/dialogs/world-setup-dialog.js",
    "scripts/dialogs/ask-chat-window.js",
    "scripts/dialogs/ask-chat-launcher.js"
  ],
  "styles": [
    "styles/archivist-sync.css"
  ],
  "flags": {
    "hotReload": {
      "paths": [
        "dist",
        "templates",
        "lang"
      ]
    }
  },
  "languages": [
    {
      "lang": "en",
      "name": "English",
      "path": "lang/en.json"
    }
  ],
  "url": "https://github.com/camrun91/archivist-sync",
  "manifest": "https://github.com/camrun91/archivist-sync/releases/latest/download/module.json",
  "download": "https://github.com/camrun91/archivist-sync/archive/refs/heads/main.zip",
  "license": "MIT",
  "readme": "README.md",
  "bugs": "https://github.com/camrun91/archivist-sync/issues",
  "changelog": "CHANGELOG.md"
}
